{
  "feature_names": [
    "Area(m2)",
    "Rooms",
    "Age",
    "Distance-to-center",
    "Parking",
    "Floor",
    "Elevator",
    "Renovated",
    "Balcony",
    "View"
  ],
  "coefficients": [
    3.0517896604581143,
    -2.2192231449133777,
    -0.30120651399370013,
    0.9302025135753528,
    0.5876981249805985,
    0.2550568140525996,
    1.0908208411624807,
    0.21654883011190107,
    -0.22555951169888144,
    0.21654883011190174
  ],
  "intercept": 3.6400000000000006,
  "means": [
    107.5,
    2.3,
    13.4,
    7.6,
    0.6,
    5.3,
    0.7,
    0.5,
    0.5,
    0.5
  ],
  "stds": [
    42.44113570582201,
    1.004987562112089,
    8.604649905719581,
    3.580223456713282,
    0.4898979485566356,
    2.968164415931166,
    0.45825756949558405,
    0.5,
    0.5,
    0.5
  ]
}